nome do produto;descrição do produto;composição;tamanhos;fotos
 Colete Jeans com Aplicação em Moletom Rosa  ; Colete Jeans com detalhe costas em Moletom para compor os looks das garotas. Elaborado em 50% algodão e 50% poliéster, o modelo promete dar um up nas produções das meninas.A peça conta com abertura frontal por zíper, estama costas em lettering, bolso fake frontal e aplicação de patch. Ref.: F9937 ; Jeans: 100% algodão | Moletom: 50% algodão e 50% poliéster ;['4', '6', '8', '10', '12', '14', '16'];['https://texcotton.s3-sa-east-1.amazonaws.com/img/2021/06/produto/8239/f9937-1.jpg', 'https://texcotton.s3-sa-east-1.amazonaws.com/img/2021/06/produto/8238/f9937-2.jpg', 'https://texcotton.s3-sa-east-1.amazonaws.com/img/2021/07/produto/9169/f9937-2.jpg', 'https://texcotton.s3-sa-east-1.amazonaws.com/img/2021/07/produto/9168/f9937-1.jpg']
 Blusa Azul Estampa Good Vibes Momi  ;" Uma cor bem vibrante para combinar nos looks mais alegres e fashionistas das girls. Essa blusa é elaborada em 100% algodão e conta com modelagem ampla. Sua estampa frontal em lettering, conta com um arco-íris super fofo e bordado sobrepondo a estampa. É uma peça que dá um ""UP"" em qualquer look. Ref.: H3062 "; 100% algodão ;['4', '6', '8', '10', '12', '14', '16'];['https://texcotton.s3-sa-east-1.amazonaws.com/img/2021/06/produto/8258/h3062-1.jpg', 'https://texcotton.s3-sa-east-1.amazonaws.com/img/2021/06/produto/8257/h3062-2.jpg', 'https://texcotton.s3-sa-east-1.amazonaws.com/img/2021/06/produto/8259/h3062.png']
 Blusa Off White Manga Curta Estampa de Gato  ; Blusinha Off White para combinar com muitos looks fofos. Essa peça, elaborada em 96% algodão e 4% elastano, conta com detalhes incríveis, como mangas em tela furadinha e estampa frontal de gatinho abduzido. As meninas irão fazer as mais diversas combinações com shorts, saias e calças, para todos os passeios. Ref.: F9920 ; 96% algodão e 4% elastano ;['4', '6', '8', '10', '12', '14', '16'];['https://texcotton.s3-sa-east-1.amazonaws.com/img/2021/07/produto/9230/f9920-1.jpg', 'https://texcotton.s3-sa-east-1.amazonaws.com/img/2021/07/produto/9229/f9920-2.jpg', 'https://texcotton.s3-sa-east-1.amazonaws.com/img/2021/07/produto/9228/f9920-3.jpg']
 Blusa Manga Curta com Estampa de Óculos Momi  ; Uma blusa curinga no armário das Momi Girls. Blusa branca elaborada em cotton composto em 96% algodão e 4% elastano. O modelo conta com mangas em tela, estampa frontal de óculos e gatinhos, com aplicação de strass e gola com costura contrastante. Ref.: J3919 ; Cotton 96% algodão e 4% elastano ;['1', '2', '3', '4', '6', '8'];['https://texcotton.s3-sa-east-1.amazonaws.com/img/2021/07/produto/8527/j3919-10.jpg', 'https://texcotton.s3-sa-east-1.amazonaws.com/img/2021/07/produto/8526/j3919-09.jpg', 'https://texcotton.s3-sa-east-1.amazonaws.com/img/2021/07/produto/8525/j3919-08.jpg']
 Blusa Branca Manga Curta com Estampa de Ursinho  ; Blusa de ursinho para as produções mais fofas. Elaborada em 96% algodão e 4% elastano, o modelo conta com manga curta, modelagem comfy e detalhe canelado na gola e nas mangas. A estampa de ursinho conta com aplicação de strass para ainda mais estilo. Ref.: J3928 ; 96% algodão e 4% elastano ;['1', '2', '3', '4', '6', '8'];['https://texcotton.s3-sa-east-1.amazonaws.com/img/2021/06/produto/8184/j3928-1.jpg', 'https://texcotton.s3-sa-east-1.amazonaws.com/img/2021/07/produto/9231/j3928-1.jpg', 'https://texcotton.s3-sa-east-1.amazonaws.com/img/2021/06/produto/8183/j3928-2.jpg']
 Blusa Branca com Babados nas Mangas  ; Uma regata branca para os looks das Momi Girls. Elaborada em 100% algodão, essa peça garante muito estilo para as produções das meninas. A peça conta com modelagem slim e babados nas mangas, proporcionando maior charme para todas as composições. Combinações com jeans são super modernas. Ref.: H2945 ; 100% algodão ;['4', '6', '8', '10', '12', '14', '16'];['https://texcotton.s3-sa-east-1.amazonaws.com/img/2021/07/produto/9236/h2945-1.jpg', 'https://texcotton.s3-sa-east-1.amazonaws.com/img/2021/07/produto/9235/h2945-2.jpg', 'https://texcotton.s3-sa-east-1.amazonaws.com/img/2021/07/produto/9234/h2945-3.jpg']
 Blusa Estampada de Planeta Branca e Rosa  ; Blusa fofa elaborada em 96% algodão e 4% elastano. A peça conta com modelagem comfy, mangas contrastantes e estampa frontal. As meninas irão fazer as mais variadas combinações com shorts, saias, calças e jardineiras. Ref.: J3784 ; 96% algodão e 4% elastano ;['1', '2', '3', '4', '6', '8'];['https://texcotton.s3-sa-east-1.amazonaws.com/img/2021/07/produto/9233/j3784-1.jpg', 'https://texcotton.s3-sa-east-1.amazonaws.com/img/2021/06/produto/8487/j3784-10.jpg', 'https://texcotton.s3-sa-east-1.amazonaws.com/img/2021/06/produto/8486/j3784-9.jpg', 'https://texcotton.s3-sa-east-1.amazonaws.com/img/2021/06/produto/8485/j3784-7.jpg']
 Blusa Branca com Estampa Fofa Momi  ; As blusinhas básicas já conquistaram o guarda-roupa das garotas! São peças práticas, versáteis e que vão bem praticamente com tudo. Esse modelo, elaborado em 96% algodão e 4% elastano, conta com mangas curtas, modelagem slim e estampa frontal super colorida. Além de super confortável, também é muito fashion. Ref.: H2814 ; 96% algodão e 4% elastano ;['4', '6', '8', '10', '12', '14', '16'];['https://texcotton.s3-sa-east-1.amazonaws.com/img/2021/07/produto/9238/h2814-2.jpg', 'https://texcotton.s3-sa-east-1.amazonaws.com/img/2021/07/produto/9239/h2814-11.jpg']
 Regata Branca Arco-Íris com Franjas  ; Uma peça fresquinha e cheia de tendência. A regata é a cara do verão! Elaborada em 100% algodão, o modelo promete um toque a mais de estilo para as produções das meninas. Combinações com jeans são modernas e cheias de estilo Ref.: J3998 ; 100% algodão ;['1', '2', '3', '4', '6', '8'];['https://texcotton.s3-sa-east-1.amazonaws.com/img/2021/06/produto/8196/j3998-1.jpg', 'https://texcotton.s3-sa-east-1.amazonaws.com/img/2021/07/produto/9237/j3998-1.jpg', 'https://texcotton.s3-sa-east-1.amazonaws.com/img/2021/06/produto/8195/j3998-2.jpg', 'https://texcotton.s3-sa-east-1.amazonaws.com/img/2021/06/produto/8194/j3998-3.jpg']
 Blusa Estampa Colorida com Detalhes Neon  ; Blusas coloridas são perfeitar para os looks de verão. Confira esse modelo elaborado em 96% algodão e 4% elastano. Sua estampa multicolorida permite composições de estilosas e modernas. O detalhe em malha canelada rosa neon na gola da peça garante muito estilo. Ref.: J3785 ; 96% algodão e 4% elastano ;['1', '2', '3', '4', '6', '8'];['https://texcotton.s3-sa-east-1.amazonaws.com/img/2021/07/produto/8515/j3785-11.jpg', 'https://texcotton.s3-sa-east-1.amazonaws.com/img/2021/07/produto/8514/j3785-10.jpg', 'https://texcotton.s3-sa-east-1.amazonaws.com/img/2021/07/produto/8513/j3785-9.jpg']
 Blusa Infantil Menina Canelada Off White Momi  ; Essa Blusa Infantil Off White é confeccionada em malha canelada com elastano, conta com modelagem justinha, manga longa e decote redondo. Seu visual básico ganha o destaque da etiqueta decorativa aplicada acima da barra, que finalizada com muita exclusividade. Ref.: F9549 ; 49% Poliéster, 47% Algodão, 4% Elastano ;['4', '6', '8', '10', '12', '14'];['https://texcotton.s3-sa-east-1.amazonaws.com/img/2021/06/produto/7597/f9549-1.jpg', 'https://texcotton.s3-sa-east-1.amazonaws.com/img/2021/06/produto/7596/f9549-2.jpg', 'https://texcotton.s3-sa-east-1.amazonaws.com/img/2021/06/produto/7595/f9549-3.jpg', 'https://texcotton.s3-sa-east-1.amazonaws.com/img/2021/06/produto/7594/f9549-4.jpg']
 Blusa Infantil Menina Vermelha Momi  ; Essa Blusa Infantil vermelha é confeccionada em cotton com elastano, conta com modelagem justinha, manga longa e decote redondo. Seu visual básico ganha o destaque da etiqueta decorativa aplicada acima da barra, que finalizada com muita exclusividade. Ref.: F9597 ; 96% Algodão, 4% Elastano ;['4', '6', '8', '10', '12', '14'];['https://texcotton.s3-sa-east-1.amazonaws.com/img/2021/06/produto/7583/f9597-1.jpg', 'https://texcotton.s3-sa-east-1.amazonaws.com/img/2021/06/produto/7584/f9597-2.jpg', 'https://texcotton.s3-sa-east-1.amazonaws.com/img/2021/06/produto/7585/f9597-3.jpg']
 Blusa Infantil Menina Verde Neon Malha Canelada Momi  ; Essa Blusa Infantil Verde Neon é confeccionada em malha canelada, conta com modelagem justinha, manga longa e decote redondo. Seu visual básico ganha o destaque da placa de metal personalizada Momi aplicada acima da barra, que finalizada com muita exclusividade. Composição: 49% Poliéster, 47% Algodão e 4% Elastano. Ref.: J3869 ; 49% Poliéster, 47% Algodão, 4% Elastano ;['1', '2', '3', '4', '6', '8'];['https://texcotton.s3-sa-east-1.amazonaws.com/img/2021/06/produto/7057/j3869-1.jpg', 'https://texcotton.s3-sa-east-1.amazonaws.com/img/2021/06/produto/7060/j3869-4.jpg', 'https://texcotton.s3-sa-east-1.amazonaws.com/img/2021/06/produto/7058/j3869-2.jpg', 'https://texcotton.s3-sa-east-1.amazonaws.com/img/2021/06/produto/7059/j3869-3.jpg']
 Blusa Hey You Off White e Rosa Neon Momi  ;" A Blusa com estampa ""Hey You"" (Ei você) foi desenvolvida em cotton 96% Algodão e 4% Elastano e mangas em malha canelada 49% Poliéster, 47% Algodão e 4% Elastano na cor rosa neon. Uma peça versátil para os dias mais amenos, em seus detalhes possui aplicação de strass na estampa, deixando ela ainda mais charmosa. Ref.: J3703 "; Corpo: 96% Algodão e 4% Elastano - Mangas: 49% Poliéster, 47% Algodão e 4% Elastano ;['1', '2', '3', '4', '6', '8'];['https://texcotton.s3-sa-east-1.amazonaws.com/img/2021/05/produto/6405/j3703-1.jpg', 'https://texcotton.s3-sa-east-1.amazonaws.com/img/2021/05/produto/6406/j3703-2.jpg', 'https://texcotton.s3-sa-east-1.amazonaws.com/img/2021/05/produto/6407/j3703-3.jpg']
 Blusa Manga Longa de Patins Rosa Momi  ; Desenvolvido em Cotton 96% Algodão e 4% Elastano, a Blusa com estampa de Patins possui manga longa e é ideal para os dias mais amenos, em sua estampa possui aplicação de strass. Sua modelagem é básica e possui ótimo caimento no corpo, combina com diversas peças como calças, shorts, saias e coletes. Ref.: H2817 ; 96% Algodão e 4% Poliéster ;['4', '6', '8', '10', '12', '14'];['https://texcotton.s3-sa-east-1.amazonaws.com/img/2021/05/produto/6377/h2817-1.jpg', 'https://texcotton.s3-sa-east-1.amazonaws.com/img/2021/05/produto/6378/h2817-2.jpg']
 Blusa Manga Longa Estrelada Momi  ; A Blusa de Manga Longa Momi foi desenvolvida em Cotton 96% Algodão e 4% Elastano, possui estampa estrelada bem colorida para alegrar o look das meninas. Conta com pequenas pregas na manga e modelagem básica com ótimo caimento, na barra possui plaquinha personalizada Momi. Ref.: F9442 ; 96% Algodão e 4% Elastano ;['4', '6', '8', '10', '12', '14'];['https://texcotton.s3-sa-east-1.amazonaws.com/img/2021/05/produto/6399/f9442-1.jpg', 'https://texcotton.s3-sa-east-1.amazonaws.com/img/2021/05/produto/6401/f9942-3.jpg', 'https://texcotton.s3-sa-east-1.amazonaws.com/img/2021/05/produto/6400/f9442-2.jpg']
 Blusa Infantil Menina Pink Malha Canelada Momi  ; Essa Blusa Infantil Pink é confeccionada em malha canelada , conta com modelagem justinha, manga longa e decote redondo. Seu visual básico ganha o destaque da placa de metal personalizada Momi aplicada acima da barra, que finalizada com muita exclusividade. Ref.: F9348. ; 49% Poliéster, 47% Algodão, 4% Elastano ;['4', '6', '8', '10', '12', '14'];['https://texcotton.s3-sa-east-1.amazonaws.com/img/2021/04/produto/5628/blusa-infantil-menina-pink-malha-canelada-momi.jpg', 'https://texcotton.s3-sa-east-1.amazonaws.com/img/2021/04/produto/5630/blusa-infantil-menina-pink-malha-canelada-momi-placa.jpg', 'https://texcotton.s3-sa-east-1.amazonaws.com/img/2021/04/produto/5629/blusa-infantil-menina-pink-malha-canelada-momi-gola.jpg']
 Blusa Infantil Menina Canelada Off White Momi  ; Essa Blusa Infantil Off White é confeccionada em malha canelada com elastano, conta com modelagem justinha, manga longa e decote redondo. Seu visual básico ganha o destaque da etiqueta decorativa aplicada acima da barra, que finalizada com muita exclusividade. Ref.: J3377 ; 49% Poliéster, 47% Algodão, 4% Elastano ;['1', '2', '3', '4', '6', '8'];['https://texcotton.s3-sa-east-1.amazonaws.com/img/2021/03/produto/5574/blusa-infantil-menina-canelada-off-white-momi.jpg', 'https://texcotton.s3-sa-east-1.amazonaws.com/img/2021/03/produto/5576/blusa-infantil-menina-canelada-off-white-momi-gola.jpg', 'https://texcotton.s3-sa-east-1.amazonaws.com/img/2021/03/produto/5575/blusa-infantil-menina-canelada-off-white-momi-etiqueta.jpg']
 Blusa Infantil Menina de Manga Bufante Off White  ; A Blusa de Manga Bufante Momi é confeccionada com todo o conforto do Cotton, possui manga longa com elástico no punho, decote redondo e modelagem Comfy. Destaque especial para a estampa frontal em Lettering e a etiqueta decorativa na barra. Ref.: J3461 ; 96% Cotton, 4% Elastano ;['1', '2', '3', '4', '6', '8'];['https://texcotton.s3-sa-east-1.amazonaws.com/img/2021/04/produto/5668/blusa-infantil-menina-de-manga-bufante-off-white-still.jpg', 'https://texcotton.s3-sa-east-1.amazonaws.com/img/2021/04/produto/5664/blusa-infantil-menina-de-manga-bufante-off-white.jpg', 'https://texcotton.s3-sa-east-1.amazonaws.com/img/2021/04/produto/5666/blusa-infantil-menina-de-manga-bufante-off-white-gola.jpg', 'https://texcotton.s3-sa-east-1.amazonaws.com/img/2021/04/produto/5665/blusa-infantil-menina-de-manga-bufante-off-white-etiqueta.jpg', 'https://texcotton.s3-sa-east-1.amazonaws.com/img/2021/04/produto/5667/blusa-infantil-menina-de-manga-bufante-off-white-look.jpg']
 Blusa Looney Tunes Branca Infantil Feminina Momi  ; A Blusa Looney Tunes Infantil Branca faz parte da nossa Collab com a Warner Bros. O modelo é confeccionado em Cotton, conta com modelagem Slim, manga longa e decote redondo. Seu destaque fica por conta da estampa frontal dos personagens mais queridinhos do momento: O Piu Piu e o Frajola. Ref.: F9456. ; 96% Cotton, 4% Elastano ;['2', '4', '6', '8', '10', '12', '14'];['https://texcotton.s3-sa-east-1.amazonaws.com/img/2021/03/produto/4905/blusa-looney-tunes-branca-infantil-feminina-momi.jpg', 'https://texcotton.s3-sa-east-1.amazonaws.com/img/2021/03/produto/4909/blusa-looney-tunes-branca-infantil-feminina-momi-still.jpg', 'https://texcotton.s3-sa-east-1.amazonaws.com/img/2021/03/produto/4906/blusa-looney-tunes-branca-infantil-feminina-momi-gola.jpg', 'https://texcotton.s3-sa-east-1.amazonaws.com/img/2021/03/produto/4908/blusa-looney-tunes-branca-infantil-feminina-momi-manga.jpg', 'https://texcotton.s3-sa-east-1.amazonaws.com/img/2021/03/produto/4907/blusa-looney-tunes-branca-infantil-feminina-momi-look.jpg']
 Camisa Social Branca Infantil Feminina Frajola Momi  ; Esta Camisa Social Branca Infantil Feminina Momi faz parte da nossa Collab com a Warner Bros e trouxe uma estampa super cool do Frajola na altura do peito e também da palavra Looney Tunes no colarinho. O modelo é desenvolvido em tecido leve e macio de tricoline, conta com manga longa, modelagem Slim, bolso frontal e fechamento através de botões. Ref.: H2812. ; 65% Cotton, 32% Poliamida, 3% Elastano ;['2', '4', '6', '8', '10', '12', '14'];['https://texcotton.s3-sa-east-1.amazonaws.com/img/2021/03/produto/4935/camisa-social-branca-infantil-feminina-frajola-momi.jpg', 'https://texcotton.s3-sa-east-1.amazonaws.com/img/2021/03/produto/4938/camisa-social-branca-infantil-feminina-frajola-momi-look.jpg', 'https://texcotton.s3-sa-east-1.amazonaws.com/img/2021/03/produto/4937/camisa-social-branca-infantil-feminina-frajola-momi-gola.jpg', 'https://texcotton.s3-sa-east-1.amazonaws.com/img/2021/03/produto/4936/camisa-social-branca-infantil-feminina-frajola-momi-bolso.jpg', 'https://texcotton.s3-sa-east-1.amazonaws.com/img/2021/03/produto/4939/camisa-social-branca-infantil-feminina-frajola-momi-still.jpg']
 Blusa de Manga Longa Branca Infantil Feminina Blogger Momi  ; A Blusa de Manga Longa Branca Infantil Momi Blogger é feita em Cotton de algodão com elastano, traz uma modelagem ampla, manga longa e decote redondo em ribana. Destaque especial para as estampas em Lettering, corações e listras nas mangas, que deixou a peça bem cool. Ref.: F9330. ; 96% Algodão, 4% Elastano ;['4', '6', '8', '10', '12', '14', '16'];['https://texcotton.s3-sa-east-1.amazonaws.com/img/2021/03/produto/4941/blusa-de-manga-longa-branca-infantil-feminina-blogger-momi.jpg', 'https://texcotton.s3-sa-east-1.amazonaws.com/img/2021/03/produto/4945/blusa-de-manga-longa-branca-infantil-feminina-blogger-momi-still.jpg', 'https://texcotton.s3-sa-east-1.amazonaws.com/img/2021/03/produto/4944/blusa-de-manga-longa-branca-infantil-feminina-blogger-momi-manga.jpg', 'https://texcotton.s3-sa-east-1.amazonaws.com/img/2021/03/produto/4942/blusa-de-manga-longa-branca-infantil-feminina-blogger-momi-gola.jpg', 'https://texcotton.s3-sa-east-1.amazonaws.com/img/2021/03/produto/4943/blusa-de-manga-longa-branca-infantil-feminina-blogger-momi-look.jpg']
 Blusa Looney Tunes Infantil Feminina Manga de Telinha Momi  ; A Blusa Infantil Looney Tunes Momi faz parte da nossa Collab com a Warner Bros e trouxa uma estampa bem cool do Piu Piu, Frajola e Pernalonga com aplicação de Strass e manga dupla feita em tela furadinha rosa. O modelo é confeccionado com todo o conforto do Cotton, modelagem Slim e decote redondo em friso. Ref.: F9992. ; 96% Algodão, 4% Elastano ;['2', '4', '6', '8', '10', '12', '14'];['https://texcotton.s3-sa-east-1.amazonaws.com/img/2021/03/produto/4839/blusa-looney-tunes-infantil-feminina-manga-de-telinha-momi.jpg', 'https://texcotton.s3-sa-east-1.amazonaws.com/img/2021/03/produto/4841/blusa-looney-tunes-infantil-feminina-manga-de-telinha-momi-estampa.jpg', 'https://texcotton.s3-sa-east-1.amazonaws.com/img/2021/03/produto/4842/blusa-looney-tunes-infantil-feminina-manga-de-telinha-momi-manga.jpg']
 Blusa Canelada Infantil Menina Off White Estampa Panda Momi  ; Essa Blusa Infantil Off White é confeccionada com todo o conforto da malha canelada, traz uma modelagem justinha, manga longa e decote redondo. Destaque especial para a estampa super fofinha de Pandinha, que vai acompanhar o dia a dia das Momi Girls com muita diversão. Ref.: J3352. ; 49% Poliéster, 47% Cotton, 4% Elastano ;['1', '2', '3', '4', '6', '8'];['https://texcotton.s3-sa-east-1.amazonaws.com/img/2021/03/produto/4954/blusa-canelada-infantil-menina-off-white-estampa-panda-momi.jpg', 'https://texcotton.s3-sa-east-1.amazonaws.com/img/2021/03/produto/4955/blusa-canelada-infantil-menina-off-white-estampa-panda-momi-gola.jpg', 'https://texcotton.s3-sa-east-1.amazonaws.com/img/2021/03/produto/4956/blusa-canelada-infantil-menina-off-white-estampa-panda-momi-manga.jpg']
 Blusa Branca Infantil Feminina Manga Bufante Yes Momi  ; A Blusa Infantil Branca de Manga Bufante é feita com todo o conforto do Cotton com elastano, conta com manga longa, modelagem Slim, decote redondo em ribana e uma moderna estampa frontal em Lettering com uma etiqueta decorativa plástica transparente sobreposta. Ref.: F9415. ; 96% Cotton, 4% Elastano ;['4', '6', '8', '10', '12', '14', '16'];['https://texcotton.s3-sa-east-1.amazonaws.com/img/2021/03/produto/4899/blusa-branca-infantil-feminina-manga-bufante-yes-momi.jpg', 'https://texcotton.s3-sa-east-1.amazonaws.com/img/2021/03/produto/4901/blusa-branca-infantil-feminina-manga-bufante-yes-momi-look.jpg', 'https://texcotton.s3-sa-east-1.amazonaws.com/img/2021/03/produto/4903/blusa-branca-infantil-feminina-manga-bufante-yes-momi-manga.jpg', 'https://texcotton.s3-sa-east-1.amazonaws.com/img/2021/03/produto/4900/blusa-branca-infantil-feminina-manga-bufante-yes-momi-estampa.jpg', 'https://texcotton.s3-sa-east-1.amazonaws.com/img/2021/03/produto/4902/blusa-branca-infantil-feminina-manga-bufante-yes-momi-look-completo.jpg']
 Blusa Canelada Infantil Feminina Rosa Manga Longa Momi  ; Essa Blusa Infantil Canelada Rosa é confeccionada em malha de 49% Poliéster, 47% Algodão e 4% Elastano, conta com modelagem justinha, manga longa e decote redondo. Seu visual básico ganha o destaque da etiqueta decorativa aplicada acima da barra, que finalizada com muita exclusividade. Ref.: J3457. ; 49% Poliéster, 47% Algodão, 4% Elastano ;['1', '2', '3', '4', '6', '8'];['https://texcotton.s3-sa-east-1.amazonaws.com/img/2021/02/produto/4100/blusa-infantil-feminina-rosa-de-manga-longa-momi.jpg', 'https://texcotton.s3-sa-east-1.amazonaws.com/img/2021/02/produto/4102/blusa-infantil-feminina-rosa-de-manga-longa-momi-look.jpg', 'https://texcotton.s3-sa-east-1.amazonaws.com/img/2021/02/produto/4101/blusa-infantil-feminina-rosa-de-manga-longa-momi-gola.jpg', 'https://texcotton.s3-sa-east-1.amazonaws.com/img/2021/02/produto/4103/blusa-infantil-feminina-rosa-de-manga-longa-momi-manga.jpg', 'https://texcotton.s3-sa-east-1.amazonaws.com/img/2021/02/produto/4104/blusa-infantil-feminina-rosa-de-manga-longa-momi-still.jpg']
 Blusa Canelada Infantil Feminina Rosa Momi  ; Essa Blusa Infantil Canelada Rosa é confeccionada em malha de 49% Poliéster, 47% Algodão e 4% Elastano, conta com modelagem justinha, manga longa e decote redondo. Seu visual básico ganha o destaque da etiqueta decorativa aplicada acima da barra, que finalizada com muita exclusividade. Ref.: F9429. ; 49% Poliéster, 47% Algodão, 4% Elastano ;['4', '6', '8', '10', '12', '14'];['https://texcotton.s3-sa-east-1.amazonaws.com/img/2021/02/produto/4033/blusa-infantil-malha-canelada-rosa-momi.jpg', 'https://texcotton.s3-sa-east-1.amazonaws.com/img/2021/02/produto/4100/blusa-infantil-feminina-rosa-de-manga-longa-momi.jpg', 'https://texcotton.s3-sa-east-1.amazonaws.com/img/2021/02/produto/4035/blusa-infantil-malha-canelada-rosa-momi-gola.jpg', 'https://texcotton.s3-sa-east-1.amazonaws.com/img/2021/02/produto/4034/blusa-infantil-malha-canelada-rosa-momi-etiqueta.jpg']
 Camisa Infantil Menina Jeans Manga Longa Momi  ; Essa Camisa Jeans Infantil Feminina é uma peça indispensável no armário das meninas Fashion e modernas. Repaginada, essa camisa jeans surge na presença de mangas bufantes, fechamento frontal com botões dourados, detalhes em recorte, punho elástico e uma etiqueta decorativa Momi super fofa. O tecido Jeans é feito em 85% Cotton e 15% Poliéster, trazendo muito conforto, leveza e liberdade nos movimentos. Ref.: J3714 ; 85% Cotton, 15% Poliéster ;['1', '2', '3', '4', '6', '8'];['https://texcotton.s3-sa-east-1.amazonaws.com/img/2021/02/produto/4155/camisa-infantil-menina-jeans-manga-bufante-momi.jpg', 'https://texcotton.s3-sa-east-1.amazonaws.com/img/2021/02/produto/4157/camisa-infantil-menina-jeans-manga-bufante-momi-gola-longa.jpg', 'https://texcotton.s3-sa-east-1.amazonaws.com/img/2021/02/produto/4156/camisa-infantil-menina-jeans-manga-bufante-momi-gola.jpg']
 Blusa Infantil Feminina Gola Alta Marinho Girls Fashion  ; A Blusa Infantil Feminina de Gola Alta Marinho é confeccionada em tecido canelado, que promove muito conforto e liberdade nos movimentos. Seu visual clean conta com modelagem justinha, gola alta com estampa em Lettering, manga longa e a aplicação de uma etiqueta decorativa Momi, que finaliza com exclusividade. Ref.: J3646. ; 49% Poliéster, 47% Cotton, 4% Elastano ;['1', '2', '3', '4', '6', '8'];['https://texcotton.s3-sa-east-1.amazonaws.com/img/2021/02/produto/4144/blusa-infantil-feminina-gola-alta-marinho-girls-fashion.jpg', 'https://texcotton.s3-sa-east-1.amazonaws.com/img/2021/02/produto/4147/blusa-infantil-feminina-gola-alta-marinho-girls-fashion-look.jpg', 'https://texcotton.s3-sa-east-1.amazonaws.com/img/2021/02/produto/4145/blusa-infantil-feminina-gola-alta-marinho-girls-fashion-decote.jpg', 'https://texcotton.s3-sa-east-1.amazonaws.com/img/2021/02/produto/4146/blusa-infantil-feminina-gola-alta-marinho-girls-fashion-etiqueta.jpg']
 Blusa Infantil Menina Estampa Dog Branca Momi  ; A Blusa Infantil Feminina de Doguinho é confeccionada em Cotton de 96% Agodão e 4% Elastano, conta com modelagem Slim, manga curta e decote redondo em Ribana. Seu destaque especial fica por conta da estampa frontal de Doguinho com aplicação de Strass em formato de estrelinha, super fofa! Ref.: J3474. ; 96% Algodão, 4% Elastano ;['1', '2', '3', '4', '6', '8'];['https://texcotton.s3-sa-east-1.amazonaws.com/img/2021/02/produto/4117/blusa-infantil-menina-estampa-dog-branca-momi.jpg', 'https://texcotton.s3-sa-east-1.amazonaws.com/img/2021/02/produto/4120/blusa-infantil-menina-estampa-dog-branca-momi-look.jpg', 'https://texcotton.s3-sa-east-1.amazonaws.com/img/2021/02/produto/4118/blusa-infantil-menina-estampa-dog-branca-momi-gola.jpg']
 Blusa Infantil Feminina Preta Manga Longa Momi  ; Blusa Infantil Momi confeccionadda em Cotton. A blusa possui manga longa, frente com estampa e aplicação de Patch cartinha sobreposto na estampa. Ref.: J2480. ; 96% Algodão, 4% Elastano ;['1', '2', '3', '4', '6'];['https://texcotton.s3-sa-east-1.amazonaws.com/img/2021/02/produto/4217/blusa-infantil-feminina-preta-manga-longa-momi.jpg', 'https://texcotton.s3-sa-east-1.amazonaws.com/img/2021/02/produto/4219/blusa-infantil-feminina-preta-manga-longa-momi-look.jpg', 'https://texcotton.s3-sa-east-1.amazonaws.com/img/2021/02/produto/4218/blusa-infantil-feminina-preta-manga-longa-momi-decote.jpg', 'https://texcotton.s3-sa-east-1.amazonaws.com/img/2021/02/produto/4220/blusa-infantil-feminina-preta-manga-longa-momi-manga.jpg', 'https://texcotton.s3-sa-east-1.amazonaws.com/img/2021/02/produto/4221/blusa-infantil-feminina-preta-manga-longa-momi-still.jpg']
 Blusa Infantil Menina Preta Manga Curta Momi  ;" Blusa Infantil Momi confeccionadda em Cotton. A blusa possui manga curta, frente com estampa e aplicação de Patch cartinha sobreposto. Costas com abertura em botão funcional.
Composição: 96% Algodão 4% Elastano "; 96% Algodão, 4% Elastano ;['1', '2', '3', '4', '6'];['https://texcotton.s3-sa-east-1.amazonaws.com/img/2021/02/produto/4222/blusa-infantil-menina-preta-manga-curta-momi.jpg', 'https://texcotton.s3-sa-east-1.amazonaws.com/img/2021/02/produto/4224/blusa-infantil-menina-preta-manga-curta-momi-costas.jpg', 'https://texcotton.s3-sa-east-1.amazonaws.com/img/2021/02/produto/4223/blusa-infantil-menina-preta-manga-curta-momi-abertura.jpg']
 Blusa Infantil Feminina Azul Manga Longa Momi  ; A Blusa infantil Feminina Marinho Momi é confeccionada com todo o conforto do Cotton, conta com manga longa, decote redondo e frente com estampa de Lettering com aplicação de Strass. Ref.: F8753. ; 96% Algodão 4% Elastano ;['4', '6', '8', '10', '12', '14'];['https://texcotton.s3-sa-east-1.amazonaws.com/img/2021/02/produto/4432/blusa-infantil-feminina-azul-manga-longa-momi.jpg', 'https://texcotton.s3-sa-east-1.amazonaws.com/img/2021/02/produto/4433/blusa-infantil-feminina-azul-manga-longa-momi-estampa.jpg', 'https://texcotton.s3-sa-east-1.amazonaws.com/img/2021/02/produto/4434/blusa-infantil-feminina-azul-manga-longa-momi-look.jpg']
 Camisa Infantil Feminino Jeans Momi  ; A Camisa Jeans Infantil Feminina Momi conta com modelagem Slim, fechamento por botões de pressão, manga longa e colarinho tradicional com aplicação de Patch de coração. Na altura do peito, a camisa traz estampa em Lettering e aplicação de Patch. Ref.: F8381. ; 85% Algodão, 15% Poliéster ;['4', '6', '8', '10', '12', '14'];['https://texcotton.s3-sa-east-1.amazonaws.com/img/2021/02/produto/4612/camisete-infantil-feminino-jeans-momi.jpg', 'https://texcotton.s3-sa-east-1.amazonaws.com/img/2021/02/produto/4614/camisete-infantil-feminino-jeans-momi-gola.jpg', 'https://texcotton.s3-sa-east-1.amazonaws.com/img/2021/02/produto/4613/camisete-infantil-feminino-jeans-momi-costas.jpg']
 Blusa Infantil Feminina Off White Momi  ; Essa Blusa Infantil Feminina Momi é confeccionada em Cotton, conta com manga longa, decote redondo em ribana e uma estampa cheia de fofura com aplicação de Glitter. Ref.: F8264. ; 96% Algodão, 4% Elastano ;['4', '6', '8', '10', '12', '14'];['https://texcotton.s3-sa-east-1.amazonaws.com/img/2021/02/produto/4303/blusa-infantil-feminina-off-white-momi.jpg', 'https://texcotton.s3-sa-east-1.amazonaws.com/img/2021/02/produto/4304/blusa-infantil-feminina-off-white-momi-estampa.jpg']
 Blusa Infantil Feminina Manga Curta Off White Momi  ; Essa Blusa Infantil Momi é confeccionada em Cotton com modelagem justinha. Seu visual conta com manga godê em tecido de renda com Poá e corte a fio. Na região frontal, traz uma charmosa estampa clear com Glitter e aplicação de Patch. Ref.: J2070. ; 96% Algodão, 4% Elastano ;['1', '2', '3', '4', '6'];['https://texcotton.s3-sa-east-1.amazonaws.com/img/2021/02/produto/4187/blusa-infantil-feminina-manga-curta-off-white-momi.jpg', 'https://texcotton.s3-sa-east-1.amazonaws.com/img/2021/02/produto/4189/blusa-infantil-feminina-manga-curta-off-white-momi-manga.jpg', 'https://texcotton.s3-sa-east-1.amazonaws.com/img/2021/02/produto/4188/blusa-infantil-feminina-manga-curta-off-white-momi-costas.jpg']
 Camisa Infantil Menina  Dog Momi  ; Cheia de fofura, essa Camisa Social Branca Infantil Feminina trouxe aplicação de Patch de cachorrinho e da palavra Love na gola. O modelo é confeccionado com todo o conforto do tecido de Tricoline, conta com manga longa, fechamento frontal por botões e modelagem Slim. Esse modelo consiste apenas na Camisa Social Branca, não acompanha o casaco. Ref.: F8761 ; 70% Algodão, 27% Poliamida, 3% Elastano ;['4', '6', '8', '10', '12', '14'];['https://texcotton.s3-sa-east-1.amazonaws.com/img/2021/03/produto/5017/camisa-infantil-menina-dog-momi-frente.jpg', 'https://texcotton.s3-sa-east-1.amazonaws.com/img/2021/03/produto/5015/camisa-infantil-menina-dog-momi.jpg', 'https://texcotton.s3-sa-east-1.amazonaws.com/img/2021/03/produto/5016/camisa-infantil-menina-dog-momi-costas.jpg']
 Blusa Infantil Feminina Manga Curta Dog Momi  ; Cheia de fofura, essa Blusa Infantil Feminina Branca de Manga Curta traz estampa frente e costas de cachorrinho Super Star (Buldogue Francês) e aplicação de Strass. A Blusa é feita com todo o conforto do Cotton com elastano, possui decote redondo e modelagem Justa. Ref.: J2487. ; 96% Algodão, 4% Elastano ;['1', '2', '3', '4', '6'];['https://texcotton.s3-sa-east-1.amazonaws.com/img/2021/03/produto/5027/blusa-infantil-feminina-dog-manga-curta-momi.jpg', 'https://texcotton.s3-sa-east-1.amazonaws.com/img/2021/03/produto/5026/blusa-infantil-feminina-dog-momi-look.jpg', 'https://texcotton.s3-sa-east-1.amazonaws.com/img/2021/03/produto/5028/blusa-infantil-feminina-dog-manga-curta-momi-costas.jpg']
 Blusa Infantil Feminina Dog Momi  ; Cheia de fofura, essa Blusa Infantil Feminina Branca de Manga Longa traz estampa frente e costas de cachorrinho Super Star (Buldogue Francês) e aplicação de Strass. A Blusa é feita com todo o conforto do Cotton com elastano, possui decote redondo e modelagem Justa. Ref.: J2486. ; 96% Algodão, 4% Elastano ;['1', '2', '3', '4', '6'];['https://texcotton.s3-sa-east-1.amazonaws.com/img/2021/03/produto/5024/blusa-infantil-feminina-dog-momi.jpg', 'https://texcotton.s3-sa-east-1.amazonaws.com/img/2021/03/produto/5026/blusa-infantil-feminina-dog-momi-look.jpg', 'https://texcotton.s3-sa-east-1.amazonaws.com/img/2021/03/produto/5025/blusa-infantil-feminina-dog-momi-costas.jpg']
 Blusa Infantil Feminina Manga Curta Vermelha Momi  ; Essa Blusa Infantil Vermelha Momi é confeccionada em Cotton, conta com manga longa, modelagem justinha e frente com bolsinho funcional, estampa de escrita com strass e um ursinho panda. Na região costas, conta com abertura em gota com fechamento por botão. Ref.: J2518. ; 96% Algodão, 4% Elastano ;['1', '2', '3', '4', '6'];['https://texcotton.s3-sa-east-1.amazonaws.com/img/2021/03/produto/5029/blusa-infantil-feminina-manga-curta-vermelha-momi.jpg', 'https://texcotton.s3-sa-east-1.amazonaws.com/img/2021/03/produto/5030/blusa-infantil-feminina-manga-curta-vermelha-momi-costas.jpg']
 Blusa Infantil Feminina Frajola Manga Bufante Rosa Momi  ; Fashion, a Blusa Infantil Feminina do Frajola, que faz parte da nossa Collab com a Warner Bros, trouxe mangas bufantes em Tule com Poá e detalhe na barra em Nó. O modelo é confeccionado em Cotton com elastano, possui modelagem justinha e decote redondo em Ribana. A estampa frontal do Frajola veio de uma forma bem Cool e moderna. Ref.: F9801. ; 96% Algodão, 4% Elastano ;['2', '4', '6', '8', '10', '12', '14'];['https://texcotton.s3-sa-east-1.amazonaws.com/img/2021/03/produto/4832/blusa-infantil-feminina-frajola-dom-manga-bufante-rosa-momi.jpg', 'https://texcotton.s3-sa-east-1.amazonaws.com/img/2021/03/produto/4835/blusa-infantil-feminina-frajola-dom-manga-bufante-rosa-momi-look.jpg', 'https://texcotton.s3-sa-east-1.amazonaws.com/img/2021/03/produto/4836/blusa-infantil-feminina-frajola-dom-manga-bufante-rosa-momi-manga.jpg', 'https://texcotton.s3-sa-east-1.amazonaws.com/img/2021/03/produto/4834/blusa-infantil-feminina-frajola-dom-manga-bufante-rosa-momi-gola.jpg', 'https://texcotton.s3-sa-east-1.amazonaws.com/img/2021/03/produto/4833/blusa-infantil-feminina-frajola-dom-manga-bufante-rosa-momi-amarracao.jpg', 'https://texcotton.s3-sa-east-1.amazonaws.com/img/2021/03/produto/4837/blusa-infantil-feminina-frajola-dom-manga-bufante-rosa-momi-still.jpg']
 Blusa Infantil com Aplicação Strass Vermelho Momi  ; Essa Blusa Infantil Vermelha Momi é confeccionada em Cotton, conta com manga longa, modelagem justinha e frente com bolsinho funcional, estampa de escrita com strass e um ursinho panda.  Ref.: J2517. ; 96% Algodão, 4% Elastano ;['1', '2', '3', '4', '6'];['https://texcotton.s3-sa-east-1.amazonaws.com/img/2021/02/produto/4236/blusa-infantil-com-aplicacao-strass-vermelho-momi.jpg', 'https://texcotton.s3-sa-east-1.amazonaws.com/img/2021/02/produto/4238/blusa-infantil-com-aplicacao-strass-vermelho-momi-gola.jpg', 'https://texcotton.s3-sa-east-1.amazonaws.com/img/2021/02/produto/4237/blusa-infantil-com-aplicacao-strass-vermelho-momi-costas.jpg']
 Blusa Infantil Estampa Coração Momi  ; Blusa de Manga Longa Estampa de Coração Infantil Momi. Desenvolvida em tecido confortável de Cotton. Acompanha plaquinha de metal dourada personalizada na barra. Ref.: F8296. ; 96% Algodão, 4% Elastano ;['4', '6', '8', '10', '12', '14'];['https://texcotton.s3-sa-east-1.amazonaws.com/img/2021/02/produto/4179/blusa-infantil-estampa-coracao-momi.jpg', 'https://texcotton.s3-sa-east-1.amazonaws.com/img/2021/02/produto/4180/blusa-infantil-estampa-coracao-momi-gola.jpg', 'https://texcotton.s3-sa-east-1.amazonaws.com/img/2021/02/produto/4181/blusa-infantil-estampa-coracao-momi-placa.jpg']
 Blusa Infantil Feminina Off White Momi  ; Essa Blusa Infantil Feminina Momi é confeccionada em Cotton, conta com manga curta, decote redondo em ribana e uma estampa cheia de fofura com aplicação de Strass. Ref.: F8414. ; 96% Algodão, 4% Elastano ;['4', '6', '8', '10', '12', '14'];['https://texcotton.s3-sa-east-1.amazonaws.com/img/2021/02/produto/4610/blusa-infantil-feminina-off-white-momi-f8414.jpg', 'https://texcotton.s3-sa-east-1.amazonaws.com/img/2021/02/produto/4611/blusa-infantil-feminina-off-white-momi-f8414-estampa.jpg']
 Blusa Infantil Feminina Off White Momi  ; Essa Blusa Infantil Feminina Momi é confeccionada em Cotton, conta com manga longa, decote redondo em ribana e uma estampa cheia de fofura com aplicação de Strass. Ref.: F8363. ; 96% Algodão, 4% Elastano ;['4', '6', '8', '10', '12', '14'];['https://texcotton.s3-sa-east-1.amazonaws.com/img/2021/02/produto/4305/blusa-infantil-feminina-off-white-momi-headphone.jpg', 'https://texcotton.s3-sa-east-1.amazonaws.com/img/2021/02/produto/4306/blusa-infantil-feminina-off-white-momi-headphone-estampa.jpg']
 Camisa Social Infantil Feminina Branca Momi  ; A Camisa Social Infantil Feminina Branca Momi é confeccionada em tecido leve e macio de tricoline, conta com manga longa, fechamento frontal através de botões e colarinho tradicional com aplicações de Patch super fofos. Ref.: J2736. ; 70% Algodão, 27% Poliamida, 3% Elastano ;['1', '2', '3', '4', '6'];['https://texcotton.s3-sa-east-1.amazonaws.com/img/2021/02/produto/4264/camisa-social-infantil-feminina-branca-momi.png', 'https://texcotton.s3-sa-east-1.amazonaws.com/img/2021/02/produto/4265/camisa-social-infantil-feminina-branca-momi-gola.png']
